{"cameraMode":{"drawMode":0,"name":"Shaded","section":"Shading Mode"},"sceneLighting":false,"audioPlay":false,"sceneViewState":{"m_AlwaysRefresh":false,"showFog":true,"showSkybox":false,"showFlares":true,"showImageEffects":true,"showParticleSystems":true,"showVisualEffectGraphs":true,"m_FxEnabled":true},"in2DMode":false,"pivot":{"x":0.3529999852180481,"y":1.3394159078598023,"z":0.6000000238418579},"rotation":{"x":-0.09062045067548752,"y":0.8570711612701416,"z":-0.16155512630939485,"w":-0.48076117038726809},"size":0.8377073407173157,"orthographic":false}